<?xml version="1.0" encoding="utf-8" ?>
<!-- Nanchatte XML version 1.0 for ObjectEditor -->
<プロパティ>
<ID>properties</ID>
<LookandFeel>javax.swing.plaf.metal.MetalLookAndFeel</LookandFeel>
<MainWinx0>0</MainWinx0>
<MainWiny0>0</MainWiny0>
<MainWinWidth>1024</MainWinWidth>
<MainWinHeight>740</MainWinHeight>
<MesgWinx0>0</MesgWinx0>
<MesgWiny0>523</MesgWiny0>
<MesgWinWidth>1024</MesgWinWidth>
<MesgWinHeight>217</MesgWinHeight>
<FileWinx0>36</FileWinx0>
<FileWiny0>478</FileWiny0>
<FileWinWidth>578</FileWinWidth>
<FileWinHeight>262</FileWinHeight>
<EditWinx0>347</EditWinx0>
<EditWiny0>0</EditWiny0>
<EditWinWidth>676</EditWinWidth>
<EditWinHeight>541</EditWinHeight>
<PropWinx0>1</PropWinx0>
<PropWiny0>1</PropWiny0>
<PropWinWidth>615</PropWinWidth>
<PropWinHeight>448</PropWinHeight>
<DividerLocation1>2</DividerLocation1>
<DividerLocation2>2</DividerLocation2>
<ToolBarVisible>1</ToolBarVisible>
<ViewSourceAtCompile>0</ViewSourceAtCompile>
<NoSourceCreate>0</NoSourceCreate>
<JavaEditCommand>leafpad</JavaEditCommand>
<JavaViewCommand></JavaViewCommand>
<HelpCommand></HelpCommand>
<ApplicationType>4</ApplicationType>
<CompileCommand0>cat /sdcard/objedit/javatext.java</CompileCommand0>
<RunCommand0>./run</RunCommand0>
<GUIDesignerCommand0>java -jar guidsin.jar -java</GUIDesignerCommand0>
<ImportFiles0> import java.awt.*;
 import java.awt.event.*;
 import javax.swing.*;
 import javax.swing.event.*;
 import javax.swing.tree.*;
 import java.io.*;
 import java.net.*;
 import java.util.*;
import java.awt.geom.*;
import java.awt.print.*;
import javax.swing.border.*;
import javax.swing.filechooser.*;
 import javax.swing.*;
 import javax.swing.event.*;
 import javax.swing.tree.*;
 import java.io.*;
 import java.net.*;
 import java.util.*;
import java.awt.image.BufferedImage;
import javax.sound.sampled.*;

class Starter{
  public static void main( String args[] ){
    %AppName% ap = new %AppName%();
    ap.ARGS = args;
    ap.Start();
  }
}
</ImportFiles0>
<ProgramStartupCode0> String[] ARGS;
</ProgramStartupCode0>
<NativeHelpCommand0></NativeHelpCommand0>
<CompileCommand1>./compile_applet</CompileCommand1>
<RunCommand1>./run_applet</RunCommand1>
<GUIDesignerCommand1>java -jar guidsin.jar -applet</GUIDesignerCommand1>
<ImportFiles1> import java.awt.*;
 import java.awt.event.*;
 import java.applet.*;
 import javax.swing.*;
 import javax.swing.event.*;
 import javax.swing.tree.*;
 import java.io.*;
 import java.net.*;
 import java.util.*;
 public class javatext extends Applet {
   %AppName% ap;
   public void init() {
     ap = new %AppName%();
     ap.APPLET = this;
     ap.Start();
   }
 }
</ImportFiles1>
<ProgramStartupCode1> Applet APPLET;
</ProgramStartupCode1>
<NativeHelpCommand1></NativeHelpCommand1>
<CompileCommand2>./compile_cpp</CompileCommand2>
<RunCommand2>./run_cpp</RunCommand2>
<GUIDesignerCommand2></GUIDesignerCommand2>
<ImportFiles2>#include &lt;stdio.h&gt;

void Startup();
</ImportFiles2>
<ProgramStartupCode2>int main(){
 Startup();
 %AppName%::Start();
 }
</ProgramStartupCode2>
<NativeHelpCommand2></NativeHelpCommand2>
<CompileCommand3>./compile_cppw</CompileCommand3>
<RunCommand3>./run_cppw</RunCommand3>
<GUIDesignerCommand3>java -jar guidsin.jar -cpp</GUIDesignerCommand3>
<ImportFiles3>#include &lt;stdio.h&gt;
#include &lt;sys/stat.h&gt;
#include &lt;math.h&gt;
#include &quot;Ekagen.h&quot;
void Startup();
</ImportFiles3>
<ProgramStartupCode3>void Emain(){
Startup();
%AppName%::Start();
}
</ProgramStartupCode3>
<NativeHelpCommand3></NativeHelpCommand3>
<MoveStep>8</MoveStep>
<ImageEditCommand></ImageEditCommand>
<CompilerFileName>javac.exe</CompilerFileName>
<CompileCommand4>sh /data/objedit/compile_android Helloworld com example test</CompileCommand4>
<RunCommand4>sh /data/objedit/run_android</RunCommand4>
<GUIDesignerCommand4>java -jar guidsin.jar -android</GUIDesignerCommand4>
<ImportFiles4>package com.example.test;

import android.os.Bundle;
import android.app.Activity;
import android.view.View;
import android.graphics.Bitmap;
import android.graphics.Canvas;
import android.graphics.Color;
import android.graphics.Paint;
import android.graphics.Paint.Style;
import android.widget.Button;
import android.view.SurfaceHolder;
import android.view.SurfaceHolder.Callback;
import android.view.SurfaceView;
import android.widget.EditText;
import android.text.SpannableStringBuilder;
import android.text.TextWatcher;
import android.text.Editable;
import android.graphics.Matrix;
import android.graphics.Typeface;
import android.graphics.RectF;
import android.graphics.BitmapFactory;
import java.io.*;
 import java.net.*;
import java.util.*;
import java.text.SimpleDateFormat;
import android.media.MediaPlayer;
import android.os.Handler;
import android.content.res.Configuration;
import android.view.LayoutInflater;
import android.view.ViewGroup;
import android.app.Activity;
import android.graphics.Color;

import android.widget.AbsoluteLayout;
import android.widget.*;
import android.view.Gravity;
import android.view.View.OnClickListener;

import android.hardware.Camera;

public class HelloWorld extends Activity {
  public void onCreate(Bundle bundle) {
    super.onCreate(bundle);
    %AppName% ap = new %AppName%();
    ap.ACTIVITY = this;
    ap.Start();
  }
}
</ImportFiles4>
<ProgramStartupCode4>Activity ACTIVITY;
</ProgramStartupCode4>
<NativeHelpCommand4>&lt;?xml version=&quot;1.0&quot; encoding=&quot;utf-8&quot;?&gt;
&lt;manifest xmlns:android=&quot;http://schemas.android.com/apk/res/android&quot;
      package=&quot;com.example.test&quot;
      android:versionCode=&quot;1&quot;
      android:versionName=&quot;1.0&quot;&gt;
    &lt;uses-sdk
        android:minSdkVersion=&quot;3&quot;
        android:targetSdkVersion=&quot;17&quot; /&gt;

  &lt;uses-permission android:name=&quot;android.permission.WRITE_EXTERNAL_STORAGE&quot; /&gt; 
    &lt;application android:label=&quot;@string/app_name&quot; &gt;
        &lt;activity android:name=&quot;HelloWorld&quot;
                  android:label=&quot;@string/app_name&quot;&gt;
            &lt;intent-filter&gt;
                &lt;action android:name=&quot;android.intent.action.MAIN&quot; /&gt;
                &lt;category android:name=&quot;android.intent.category.LAUNCHER&quot; /&gt;
            &lt;/intent-filter&gt;
        &lt;/activity&gt;
    &lt;/application&gt;
&lt;/manifest&gt; 
</NativeHelpCommand4>
<HtmlEditCommand></HtmlEditCommand>
<CompileCommand5>cat /sdcard/objedit/test.bas</CompileCommand5>
<RunCommand5>am start -n com.example.a51basic/.A51Basic --es PATH /sdcard/objedit/test.bas</RunCommand5>
<GUIDesignerCommand5></GUIDesignerCommand5>
<ImportFiles5></ImportFiles5>
<ProgramStartupCode5>gosub @_PSTART
end
</ProgramStartupCode5>
<NativeHelpCommand5></NativeHelpCommand5>
<NoOptimizePin>0</NoOptimizePin>
<CompileCommand6>cat /sdcard/objedit/test.c</CompileCommand6>
<RunCommand6>./run_c</RunCommand6>
<GUIDesignerCommand6></GUIDesignerCommand6>
<ImportFiles6>#include &lt;setjmp.h&gt;
#include &lt;pthread.h&gt;
#include &lt;stdio.h&gt;
#include &lt;stdlib.h&gt;
#include &lt;stdarg.h&gt;
#include &lt;string.h&gt;
#include &lt;unistd.h&gt;
#include &lt;sys/stat.h&gt;
#include &lt;fcntl.h&gt;
#include &lt;math.h&gt;
#include &lt;sys/socket.h&gt;
#include &lt;netinet/in.h&gt;
#include &lt;arpa/inet.h&gt;
#include &lt;netdb.h&gt;

#include &lt;X11/Xlib.h&gt;
#include &lt;X11/Xutil.h&gt;
#include &lt;X11/Xlocale.h&gt; /* ロケール用ヘッダーファイル */
#include &lt;X11/xpm.h&gt;
#include &lt;sys/time.h&gt;
#include &lt;signal.h&gt;
#include &lt;unistd.h&gt;
#include &lt;termios.h&gt;
#include &lt;errno.h&gt;
</ImportFiles6>
<ProgramStartupCode6>int ARGC; char** ARGV;
int main( int argc, char** argv ){
  ARGC=argc;
  ARGV=argv;
  _PSTART();
}
</ProgramStartupCode6>
<NativeHelpCommand6></NativeHelpCommand6>
<scale>3</scale>
</プロパティ>
